13651,https://www.yelp.com/search?find_desc=cafe&find_loc=31620
13657,https://www.yelp.com/search?find_desc=cafe&find_loc=31627
13665,https://www.yelp.com/search?find_desc=cafe&find_loc=31637
13672,https://www.yelp.com/search?find_desc=cafe&find_loc=31647
24417,https://www.yelp.com/search?find_desc=cafe&find_loc=55604
24418,https://www.yelp.com/search?find_desc=cafe&find_loc=55605
24419,https://www.yelp.com/search?find_desc=cafe&find_loc=55606
24422,https://www.yelp.com/search?find_desc=cafe&find_loc=55612
24423,https://www.yelp.com/search?find_desc=cafe&find_loc=55613
24425,https://www.yelp.com/search?find_desc=cafe&find_loc=55615
26329,https://www.yelp.com/search?find_desc=cafe&find_loc=60004
26330,https://www.yelp.com/search?find_desc=cafe&find_loc=60005
26331,https://www.yelp.com/search?find_desc=cafe&find_loc=60006
26332,https://www.yelp.com/search?find_desc=cafe&find_loc=60007
26333,https://www.yelp.com/search?find_desc=cafe&find_loc=60008
26334,https://www.yelp.com/search?find_desc=cafe&find_loc=60009
26336,https://www.yelp.com/search?find_desc=cafe&find_loc=60011
26341,https://www.yelp.com/search?find_desc=cafe&find_loc=60016
26342,https://www.yelp.com/search?find_desc=cafe&find_loc=60017
26343,https://www.yelp.com/search?find_desc=cafe&find_loc=60018
26344,https://www.yelp.com/search?find_desc=cafe&find_loc=60019
26347,https://www.yelp.com/search?find_desc=cafe&find_loc=60022
26348,https://www.yelp.com/search?find_desc=cafe&find_loc=60025
26349,https://www.yelp.com/search?find_desc=cafe&find_loc=60026
26350,https://www.yelp.com/search?find_desc=cafe&find_loc=60029
26357,https://www.yelp.com/search?find_desc=cafe&find_loc=60038
26362,https://www.yelp.com/search?find_desc=cafe&find_loc=60043
26371,https://www.yelp.com/search?find_desc=cafe&find_loc=60053
26372,https://www.yelp.com/search?find_desc=cafe&find_loc=60055
26373,https://www.yelp.com/search?find_desc=cafe&find_loc=60056
26376,https://www.yelp.com/search?find_desc=cafe&find_loc=60062
26378,https://www.yelp.com/search?find_desc=cafe&find_loc=60065
26379,https://www.yelp.com/search?find_desc=cafe&find_loc=60067
26380,https://www.yelp.com/search?find_desc=cafe&find_loc=60068
26382,https://www.yelp.com/search?find_desc=cafe&find_loc=60070
26386,https://www.yelp.com/search?find_desc=cafe&find_loc=60074
26388,https://www.yelp.com/search?find_desc=cafe&find_loc=60076
26389,https://www.yelp.com/search?find_desc=cafe&find_loc=60077
26390,https://www.yelp.com/search?find_desc=cafe&find_loc=60078
26393,https://www.yelp.com/search?find_desc=cafe&find_loc=60082
26401,https://www.yelp.com/search?find_desc=cafe&find_loc=60090
26402,https://www.yelp.com/search?find_desc=cafe&find_loc=60091
26404,https://www.yelp.com/search?find_desc=cafe&find_loc=60093
26405,https://www.yelp.com/search?find_desc=cafe&find_loc=60094
26406,https://www.yelp.com/search?find_desc=cafe&find_loc=60095
26414,https://www.yelp.com/search?find_desc=cafe&find_loc=60104
26417,https://www.yelp.com/search?find_desc=cafe&find_loc=60107
26438,https://www.yelp.com/search?find_desc=cafe&find_loc=60130
26439,https://www.yelp.com/search?find_desc=cafe&find_loc=60131
26441,https://www.yelp.com/search?find_desc=cafe&find_loc=60133
26449,https://www.yelp.com/search?find_desc=cafe&find_loc=60141
26460,https://www.yelp.com/search?find_desc=cafe&find_loc=60153
26461,https://www.yelp.com/search?find_desc=cafe&find_loc=60154
26462,https://www.yelp.com/search?find_desc=cafe&find_loc=60155
26465,https://www.yelp.com/search?find_desc=cafe&find_loc=60159
26466,https://www.yelp.com/search?find_desc=cafe&find_loc=60160
26467,https://www.yelp.com/search?find_desc=cafe&find_loc=60161
26468,https://www.yelp.com/search?find_desc=cafe&find_loc=60162
26469,https://www.yelp.com/search?find_desc=cafe&find_loc=60163
26470,https://www.yelp.com/search?find_desc=cafe&find_loc=60164
26471,https://www.yelp.com/search?find_desc=cafe&find_loc=60165
26472,https://www.yelp.com/search?find_desc=cafe&find_loc=60168
26473,https://www.yelp.com/search?find_desc=cafe&find_loc=60169
26475,https://www.yelp.com/search?find_desc=cafe&find_loc=60171
26477,https://www.yelp.com/search?find_desc=cafe&find_loc=60173
26480,https://www.yelp.com/search?find_desc=cafe&find_loc=60176
26483,https://www.yelp.com/search?find_desc=cafe&find_loc=60179
26495,https://www.yelp.com/search?find_desc=cafe&find_loc=60192
26496,https://www.yelp.com/search?find_desc=cafe&find_loc=60193
26497,https://www.yelp.com/search?find_desc=cafe&find_loc=60194
26498,https://www.yelp.com/search?find_desc=cafe&find_loc=60195
26499,https://www.yelp.com/search?find_desc=cafe&find_loc=60196
26502,https://www.yelp.com/search?find_desc=cafe&find_loc=60201
26503,https://www.yelp.com/search?find_desc=cafe&find_loc=60202
26504,https://www.yelp.com/search?find_desc=cafe&find_loc=60203
26505,https://www.yelp.com/search?find_desc=cafe&find_loc=60204
26506,https://www.yelp.com/search?find_desc=cafe&find_loc=60208
26507,https://www.yelp.com/search?find_desc=cafe&find_loc=60209
26508,https://www.yelp.com/search?find_desc=cafe&find_loc=60290
26509,https://www.yelp.com/search?find_desc=cafe&find_loc=60301
26510,https://www.yelp.com/search?find_desc=cafe&find_loc=60302
26511,https://www.yelp.com/search?find_desc=cafe&find_loc=60303
26512,https://www.yelp.com/search?find_desc=cafe&find_loc=60304
26513,https://www.yelp.com/search?find_desc=cafe&find_loc=60305
26516,https://www.yelp.com/search?find_desc=cafe&find_loc=60402
26519,https://www.yelp.com/search?find_desc=cafe&find_loc=60406
26522,https://www.yelp.com/search?find_desc=cafe&find_loc=60409
26524,https://www.yelp.com/search?find_desc=cafe&find_loc=60411
26525,https://www.yelp.com/search?find_desc=cafe&find_loc=60412
26526,https://www.yelp.com/search?find_desc=cafe&find_loc=60415
26529,https://www.yelp.com/search?find_desc=cafe&find_loc=60418
26530,https://www.yelp.com/search?find_desc=cafe&find_loc=60419
26533,https://www.yelp.com/search?find_desc=cafe&find_loc=60422
26536,https://www.yelp.com/search?find_desc=cafe&find_loc=60425
26537,https://www.yelp.com/search?find_desc=cafe&find_loc=60426
26538,https://www.yelp.com/search?find_desc=cafe&find_loc=60428
26539,https://www.yelp.com/search?find_desc=cafe&find_loc=60429
26540,https://www.yelp.com/search?find_desc=cafe&find_loc=60430
26548,https://www.yelp.com/search?find_desc=cafe&find_loc=60438
26549,https://www.yelp.com/search?find_desc=cafe&find_loc=60439
26553,https://www.yelp.com/search?find_desc=cafe&find_loc=60443
26555,https://www.yelp.com/search?find_desc=cafe&find_loc=60445
26562,https://www.yelp.com/search?find_desc=cafe&find_loc=60452
26563,https://www.yelp.com/search?find_desc=cafe&find_loc=60453
26564,https://www.yelp.com/search?find_desc=cafe&find_loc=60454
26565,https://www.yelp.com/search?find_desc=cafe&find_loc=60455
26566,https://www.yelp.com/search?find_desc=cafe&find_loc=60456
26567,https://www.yelp.com/search?find_desc=cafe&find_loc=60457
26568,https://www.yelp.com/search?find_desc=cafe&find_loc=60458
26569,https://www.yelp.com/search?find_desc=cafe&find_loc=60459
26571,https://www.yelp.com/search?find_desc=cafe&find_loc=60461
26572,https://www.yelp.com/search?find_desc=cafe&find_loc=60462
26573,https://www.yelp.com/search?find_desc=cafe&find_loc=60463
26574,https://www.yelp.com/search?find_desc=cafe&find_loc=60464
26575,https://www.yelp.com/search?find_desc=cafe&find_loc=60465
26576,https://www.yelp.com/search?find_desc=cafe&find_loc=60466
26577,https://www.yelp.com/search?find_desc=cafe&find_loc=60467
26579,https://www.yelp.com/search?find_desc=cafe&find_loc=60469
26581,https://www.yelp.com/search?find_desc=cafe&find_loc=60471
26582,https://www.yelp.com/search?find_desc=cafe&find_loc=60472
26583,https://www.yelp.com/search?find_desc=cafe&find_loc=60473
26586,https://www.yelp.com/search?find_desc=cafe&find_loc=60476
26587,https://www.yelp.com/search?find_desc=cafe&find_loc=60477
26588,https://www.yelp.com/search?find_desc=cafe&find_loc=60478
26590,https://www.yelp.com/search?find_desc=cafe&find_loc=60480
26592,https://www.yelp.com/search?find_desc=cafe&find_loc=60482
26594,https://www.yelp.com/search?find_desc=cafe&find_loc=60487
26597,https://www.yelp.com/search?find_desc=cafe&find_loc=60499
26598,https://www.yelp.com/search?find_desc=cafe&find_loc=60501
26608,https://www.yelp.com/search?find_desc=cafe&find_loc=60513
26619,https://www.yelp.com/search?find_desc=cafe&find_loc=60525
26620,https://www.yelp.com/search?find_desc=cafe&find_loc=60526
26625,https://www.yelp.com/search?find_desc=cafe&find_loc=60534
26636,https://www.yelp.com/search?find_desc=cafe&find_loc=60546
26647,https://www.yelp.com/search?find_desc=cafe&find_loc=60558
26665,https://www.yelp.com/search?find_desc=cafe&find_loc=60601
26666,https://www.yelp.com/search?find_desc=cafe&find_loc=60602
26667,https://www.yelp.com/search?find_desc=cafe&find_loc=60603
26668,https://www.yelp.com/search?find_desc=cafe&find_loc=60604
26669,https://www.yelp.com/search?find_desc=cafe&find_loc=60605
26670,https://www.yelp.com/search?find_desc=cafe&find_loc=60606
26671,https://www.yelp.com/search?find_desc=cafe&find_loc=60607
26672,https://www.yelp.com/search?find_desc=cafe&find_loc=60608
26673,https://www.yelp.com/search?find_desc=cafe&find_loc=60609
26674,https://www.yelp.com/search?find_desc=cafe&find_loc=60610
26675,https://www.yelp.com/search?find_desc=cafe&find_loc=60611
26676,https://www.yelp.com/search?find_desc=cafe&find_loc=60612
26677,https://www.yelp.com/search?find_desc=cafe&find_loc=60613
26678,https://www.yelp.com/search?find_desc=cafe&find_loc=60614
26679,https://www.yelp.com/search?find_desc=cafe&find_loc=60615
26680,https://www.yelp.com/search?find_desc=cafe&find_loc=60616
26681,https://www.yelp.com/search?find_desc=cafe&find_loc=60617
26682,https://www.yelp.com/search?find_desc=cafe&find_loc=60618
26683,https://www.yelp.com/search?find_desc=cafe&find_loc=60619
26684,https://www.yelp.com/search?find_desc=cafe&find_loc=60620
26685,https://www.yelp.com/search?find_desc=cafe&find_loc=60621
26686,https://www.yelp.com/search?find_desc=cafe&find_loc=60622
26687,https://www.yelp.com/search?find_desc=cafe&find_loc=60623
26688,https://www.yelp.com/search?find_desc=cafe&find_loc=60624
26689,https://www.yelp.com/search?find_desc=cafe&find_loc=60625
26690,https://www.yelp.com/search?find_desc=cafe&find_loc=60626
26691,https://www.yelp.com/search?find_desc=cafe&find_loc=60628
26692,https://www.yelp.com/search?find_desc=cafe&find_loc=60629
26693,https://www.yelp.com/search?find_desc=cafe&find_loc=60630
26694,https://www.yelp.com/search?find_desc=cafe&find_loc=60631
26695,https://www.yelp.com/search?find_desc=cafe&find_loc=60632
26696,https://www.yelp.com/search?find_desc=cafe&find_loc=60633
26697,https://www.yelp.com/search?find_desc=cafe&find_loc=60634
26698,https://www.yelp.com/search?find_desc=cafe&find_loc=60636
26699,https://www.yelp.com/search?find_desc=cafe&find_loc=60637
26700,https://www.yelp.com/search?find_desc=cafe&find_loc=60638
26701,https://www.yelp.com/search?find_desc=cafe&find_loc=60639
26702,https://www.yelp.com/search?find_desc=cafe&find_loc=60640
26703,https://www.yelp.com/search?find_desc=cafe&find_loc=60641
26704,https://www.yelp.com/search?find_desc=cafe&find_loc=60642
26705,https://www.yelp.com/search?find_desc=cafe&find_loc=60643
26706,https://www.yelp.com/search?find_desc=cafe&find_loc=60644
26707,https://www.yelp.com/search?find_desc=cafe&find_loc=60645
26708,https://www.yelp.com/search?find_desc=cafe&find_loc=60646
26709,https://www.yelp.com/search?find_desc=cafe&find_loc=60647
26710,https://www.yelp.com/search?find_desc=cafe&find_loc=60649
26711,https://www.yelp.com/search?find_desc=cafe&find_loc=60651
26712,https://www.yelp.com/search?find_desc=cafe&find_loc=60652
26713,https://www.yelp.com/search?find_desc=cafe&find_loc=60653
26714,https://www.yelp.com/search?find_desc=cafe&find_loc=60654
26715,https://www.yelp.com/search?find_desc=cafe&find_loc=60655
26716,https://www.yelp.com/search?find_desc=cafe&find_loc=60656
26717,https://www.yelp.com/search?find_desc=cafe&find_loc=60657
26718,https://www.yelp.com/search?find_desc=cafe&find_loc=60659
26719,https://www.yelp.com/search?find_desc=cafe&find_loc=60660
26720,https://www.yelp.com/search?find_desc=cafe&find_loc=60661
26721,https://www.yelp.com/search?find_desc=cafe&find_loc=60663
26722,https://www.yelp.com/search?find_desc=cafe&find_loc=60664
26723,https://www.yelp.com/search?find_desc=cafe&find_loc=60666
26724,https://www.yelp.com/search?find_desc=cafe&find_loc=60668
26725,https://www.yelp.com/search?find_desc=cafe&find_loc=60669
26726,https://www.yelp.com/search?find_desc=cafe&find_loc=60670
26727,https://www.yelp.com/search?find_desc=cafe&find_loc=60673
26728,https://www.yelp.com/search?find_desc=cafe&find_loc=60674
26729,https://www.yelp.com/search?find_desc=cafe&find_loc=60675
26730,https://www.yelp.com/search?find_desc=cafe&find_loc=60677
26731,https://www.yelp.com/search?find_desc=cafe&find_loc=60678
26732,https://www.yelp.com/search?find_desc=cafe&find_loc=60679
26733,https://www.yelp.com/search?find_desc=cafe&find_loc=60680
26734,https://www.yelp.com/search?find_desc=cafe&find_loc=60681
26735,https://www.yelp.com/search?find_desc=cafe&find_loc=60682
26736,https://www.yelp.com/search?find_desc=cafe&find_loc=60684
26737,https://www.yelp.com/search?find_desc=cafe&find_loc=60685
26738,https://www.yelp.com/search?find_desc=cafe&find_loc=60686
26739,https://www.yelp.com/search?find_desc=cafe&find_loc=60687
26740,https://www.yelp.com/search?find_desc=cafe&find_loc=60688
26741,https://www.yelp.com/search?find_desc=cafe&find_loc=60689
26742,https://www.yelp.com/search?find_desc=cafe&find_loc=60690
26743,https://www.yelp.com/search?find_desc=cafe&find_loc=60691
26744,https://www.yelp.com/search?find_desc=cafe&find_loc=60693
26745,https://www.yelp.com/search?find_desc=cafe&find_loc=60694
26746,https://www.yelp.com/search?find_desc=cafe&find_loc=60695
26747,https://www.yelp.com/search?find_desc=cafe&find_loc=60696
26748,https://www.yelp.com/search?find_desc=cafe&find_loc=60697
26749,https://www.yelp.com/search?find_desc=cafe&find_loc=60699
26750,https://www.yelp.com/search?find_desc=cafe&find_loc=60701
26751,https://www.yelp.com/search?find_desc=cafe&find_loc=60706
26752,https://www.yelp.com/search?find_desc=cafe&find_loc=60707
26753,https://www.yelp.com/search?find_desc=cafe&find_loc=60712
26754,https://www.yelp.com/search?find_desc=cafe&find_loc=60714
26755,https://www.yelp.com/search?find_desc=cafe&find_loc=60803
26756,https://www.yelp.com/search?find_desc=cafe&find_loc=60804
26757,https://www.yelp.com/search?find_desc=cafe&find_loc=60805
26758,https://www.yelp.com/search?find_desc=cafe&find_loc=60827
